insert into client (id, first_name, last_name, middle_name) values (1, 'Leora', 'Erratt', 'Randall');
insert into client (id, first_name, last_name, middle_name) values (2, 'Prent', 'Hanney', 'Gerald');
insert into client (id, first_name, last_name, middle_name) values (3, 'Kaylee', 'Hebborn', 'Noland');
insert into client (id, first_name, last_name, middle_name) values (4, 'Thibaut', 'Lawee', 'Christie');
insert into client (id, first_name, last_name, middle_name) values (5, 'Randie', 'Ickowics', 'Giffard');
insert into client (id, first_name, last_name, middle_name) values (6, 'Aurlie', 'Trent', 'Miner');
insert into client (id, first_name, last_name, middle_name) values (7, 'Wynny', 'Bellino', 'Arin');
insert into client (id, first_name, last_name, middle_name) values (8, 'Terri', 'Stelljes', 'Akim');
insert into client (id, first_name, last_name, middle_name) values (9, 'Mario', 'Stonner', 'Man');
insert into client (id, first_name, last_name, middle_name) values (10, 'Vassili', 'Fehner', 'Vassili');


insert into account (client_id, account_type, balance) values (1, 'DEBIT', 5105.11);
insert into account (client_id, account_type, balance) values (2, 'DEBIT', 2745.95);
insert into account (client_id, account_type, balance) values (3, 'DEBIT', 3153.54);
insert into account (client_id, account_type, balance) values (4, 'DEBIT', 13092.23);
insert into account (client_id, account_type, balance) values (5, 'DEBIT', 11015.12);
insert into account (client_id, account_type, balance) values (6, 'DEBIT', 9557.29);
insert into account (client_id, account_type, balance) values (7, 'DEBIT', 9388.18);
insert into account (client_id, account_type, balance) values (8, 'CREDIT', 3024.33);
insert into account (client_id, account_type, balance) values (9, 'DEBIT', 0);
insert into account (client_id, account_type, balance) values (10, 'DEBIT', 3303.42);
insert into account (client_id, account_type, balance) values (1, 'CREDIT', 13212.4);
insert into account (client_id, account_type, balance) values (2, 'CREDIT', 4238.01);
insert into account (client_id, account_type, balance) values (3, 'CREDIT', 13893.4);
insert into account (client_id, account_type, balance) values (4, 'CREDIT', 0);
insert into account (client_id, account_type, balance) values (5, 'CREDIT', 12532.16);

insert into transaction (account_id, amount, transaction_date) values (5, 135.12, '2024-07-01T20:29:59Z');
insert into transaction (account_id, amount, transaction_date) values (15, 971.93, '2024-03-04T13:15:12Z');
insert into transaction (account_id, amount, transaction_date) values (1, 977.35, '2024-04-04T17:01:19Z');
insert into transaction (account_id, amount, transaction_date) values (11, 155.24, '2024-01-29T18:29:36Z');
insert into transaction (account_id, amount, transaction_date) values (1, 1.71, '2023-12-04T09:41:30Z');
insert into transaction (account_id, amount, transaction_date) values (10, 625.06, '2024-07-15T11:02:40Z');
insert into transaction (account_id, amount, transaction_date) values (8, 777.65, '2024-03-20T04:51:54Z');
insert into transaction (account_id, amount, transaction_date) values (5, 929.68, '2024-09-14T22:05:58Z');
insert into transaction (account_id, amount, transaction_date) values (12, 278.2, '2024-10-03T10:52:42Z');
insert into transaction (account_id, amount, transaction_date) values (11, 506.85, '2024-06-28T05:06:37Z');
insert into transaction (account_id, amount, transaction_date) values (13, 930.9, '2023-11-27T07:55:40Z');
insert into transaction (account_id, amount, transaction_date) values (2, 876.42, '2024-03-14T19:05:35Z');
insert into transaction (account_id, amount, transaction_date) values (5, 430.11, '2024-03-24T11:53:54Z');
insert into transaction (account_id, amount, transaction_date) values (13, 441.96, '2023-11-27T13:44:57Z');
insert into transaction (account_id, amount, transaction_date) values (12, 774.46, '2024-05-30T22:02:03Z');
insert into transaction (account_id, amount, transaction_date) values (8, 714.28, '2024-01-31T06:26:25Z');
insert into transaction (account_id, amount, transaction_date) values (5, 789.8, '2024-05-10T06:22:42Z');
insert into transaction (account_id, amount, transaction_date) values (3, 3.56, '2024-07-14T02:59:34Z');
insert into transaction (account_id, amount, transaction_date) values (6, 240.43, '2024-10-03T17:57:05Z');
insert into transaction (account_id, amount, transaction_date) values (10, 991.08, '2024-01-24T22:00:29Z');
insert into transaction (account_id, amount, transaction_date) values (7, 305.8, '2024-09-06T04:39:38Z');
insert into transaction (account_id, amount, transaction_date) values (10, 792.76, '2024-10-24T19:37:58Z');
insert into transaction (account_id, amount, transaction_date) values (7, 598.1, '2024-09-10T12:21:17Z');
insert into transaction (account_id, amount, transaction_date) values (14, 169.74, '2024-04-20T21:25:13Z');
insert into transaction (account_id, amount, transaction_date) values (5, 273.15, '2024-06-27T01:00:23Z');
insert into transaction (account_id, amount, transaction_date) values (13, 120.27, '2023-11-25T13:26:51Z');
insert into transaction (account_id, amount, transaction_date) values (3, 724.72, '2024-02-24T13:21:32Z');
insert into transaction (account_id, amount, transaction_date) values (2, 118.42, '2024-01-12T01:47:32Z');
insert into transaction (account_id, amount, transaction_date) values (12, 269.6, '2024-04-08T02:50:17Z');
insert into transaction (account_id, amount, transaction_date) values (8, 87.45, '2024-09-09T08:17:06Z');
insert into transaction (account_id, amount, transaction_date) values (9, 549.04, '2024-02-08T02:00:44Z');
insert into transaction (account_id, amount, transaction_date) values (4, 753.12, '2023-11-16T07:18:44Z');
insert into transaction (account_id, amount, transaction_date) values (7, 293.42, '2024-08-30T21:34:48Z');
insert into transaction (account_id, amount, transaction_date) values (4, 667.39, '2024-02-18T04:11:19Z');
insert into transaction (account_id, amount, transaction_date) values (2, 704.26, '2024-09-30T06:54:29Z');
insert into transaction (account_id, amount, transaction_date) values (9, 177.96, '2024-01-06T05:29:35Z');
insert into transaction (account_id, amount, transaction_date) values (8, 696.06, '2024-03-28T03:28:50Z');
insert into transaction (account_id, amount, transaction_date) values (8, 28.63, '2024-02-21T07:17:09Z');
insert into transaction (account_id, amount, transaction_date) values (2, 801.33, '2024-06-12T18:42:34Z');
insert into transaction (account_id, amount, transaction_date) values (12, 684.18, '2024-07-31T13:37:55Z');
insert into transaction (account_id, amount, transaction_date) values (2, 442.6, '2024-11-02T13:17:36Z');
insert into transaction (account_id, amount, transaction_date) values (7, 304.64, '2024-04-19T09:09:30Z');
insert into transaction (account_id, amount, transaction_date) values (5, 203.79, '2024-10-26T18:55:22Z');
insert into transaction (account_id, amount, transaction_date) values (2, 227.15, '2024-06-23T11:04:42Z');
insert into transaction (account_id, amount, transaction_date) values (11, 300.27, '2024-10-07T20:22:16Z');
insert into transaction (account_id, amount, transaction_date) values (12, 802.01, '2024-08-04T00:04:37Z');
insert into transaction (account_id, amount, transaction_date) values (6, 689.49, '2024-05-28T04:30:44Z');
insert into transaction (account_id, amount, transaction_date) values (14, 630.84, '2024-10-10T06:59:36Z');
insert into transaction (account_id, amount, transaction_date) values (4, 271.34, '2024-05-20T22:55:25Z');
insert into transaction (account_id, amount, transaction_date) values (2, 181.95, '2024-03-24T18:33:11Z');